feature,type,train_mean,validation_mean,standardized_mean_shift,train_missing_pct,validation_missing_pct
distance,numeric,1135.8566541666667,1141.7730999999999,0.008120690086256604,0.0,0.0
weight,numeric,31028.844004192873,30506.636248415714,-0.0556046486294329,0.625,1.375
market_index,numeric,1.0833867156595136,0.9269130491022041,-0.9308871084303133,0.7791666666666667,2.075
quote_signal,numeric,2.0624678412499997,2.0513338391666665,-0.03820978393336607,0.0,0.0
pickup_lat,numeric,35.64754474875,35.574215894999995,-0.01699281852815187,0.0,0.0
pickup_lon,numeric,-90.92896441729165,-90.72487969083332,0.015137086201240896,0.0,0.0
delivery_lat,numeric,35.641174907916664,35.60953833083333,-0.00732803341779608,0.0,0.0
delivery_lon,numeric,-90.85731029354167,-90.91352988416666,-0.004171648488050597,0.0,0.0
equipment,categorical,,,0.0033125000000000515,0.0,0.0
